From,To,Passes
1,10,580
1,11,601
1,12,568
1,13,636
1,14,617
1,15,644
1,16,628
1,17,608
1,18,623
1,19,615
1,2,610
1,20,600
1,21,623
1,22,608
1,23,642
1,24,605
1,25,631
1,26,617
1,27,581
1,28,605
1,29,613
1,3,592
1,30,603
1,31,603
1,32,627
1,33,585
1,4,611
1,5,590
1,6,614
1,7,595
1,8,615
1,9,597
10,1,604
10,11,598
10,12,630
10,13,618
10,14,656
10,15,637
10,16,619
10,17,632
10,18,620
10,19,626
10,2,609
10,20,595
10,21,599
10,22,599
10,23,622
10,24,603
10,25,608
10,26,608
10,27,609
10,28,614
10,29,620
10,3,628
10,30,623
10,31,608
10,32,630
10,33,611
10,4,602
10,5,604
10,6,605
10,7,623
10,8,627
10,9,643
11,1,636
11,10,615
11,12,602
11,13,607
11,14,617
11,15,588
11,16,615
11,17,617
11,18,636
11,19,598
11,2,597
11,20,633
11,21,623
11,22,615
11,23,616
11,24,622
11,25,613
11,26,616
11,27,615
11,28,636
11,29,627
11,3,586
11,30,615
11,31,659
11,32,627
11,33,628
11,4,619
11,5,590
11,6,623
11,7,612
11,8,597
11,9,631
12,1,606
12,10,621
12,11,623
12,13,634
12,14,577
12,15,644
12,16,646
12,17,601
12,18,649
12,19,579
12,2,589
12,20,604
12,21,613
12,22,615
12,23,600
12,24,613
12,25,650
12,26,619
12,27,611
12,28,635
12,29,658
12,3,577
12,30,627
12,31,596
12,32,595
12,33,604
12,4,585
12,5,611
12,6,615
12,7,623
12,8,627
12,9,620
13,1,596
13,10,604
13,11,595
13,12,623
13,14,626
13,15,601
13,16,575
13,17,634
13,18,631
13,19,645
13,2,630
13,20,606
13,21,580
13,22,622
13,23,625
13,24,583
13,25,587
13,26,598
13,27,626
13,28,590
13,29,642
13,3,624
13,30,607
13,31,611
13,32,611
13,33,582
13,4,574
13,5,603
13,6,635
13,7,610
13,8,625
13,9,595
14,1,604
14,10,652
14,11,593
14,12,630
14,13,603
14,15,601
14,16,627
14,17,624
14,18,597
14,19,612
14,2,608
14,20,617
14,21,606
14,22,617
14,23,605
14,24,619
14,25,600
14,26,605
14,27,602
14,28,630
14,29,608
14,3,593
14,30,611
14,31,610
14,32,612
14,33,660
14,4,586
14,5,649
14,6,628
14,7,619
14,8,590
14,9,614
15,1,615
15,10,621
15,11,626
15,12,584
15,13,594
15,14,635
15,16,613
15,17,602
15,18,595
15,19,619
15,2,638
15,20,622
15,21,588
15,22,638
15,23,633
15,24,605
15,25,616
15,26,641
15,27,601
15,28,633
15,29,607
15,3,630
15,30,614
15,31,631
15,32,614
15,33,635
15,4,610
15,5,622
15,6,624
15,7,619
15,8,610
15,9,584
16,1,590
16,10,601
16,11,626
16,12,623
16,13,608
16,14,655
16,15,604
16,17,607
16,18,635
16,19,610
16,2,612
16,20,601
16,21,622
16,22,625
16,23,595
16,24,597
16,25,618
16,26,612
16,27,623
16,28,617
16,29,630
16,3,597
16,30,646
16,31,610
16,32,612
16,33,606
16,4,601
16,5,629
16,6,597
16,7,607
16,8,589
16,9,615
17,1,607
17,10,617
17,11,616
17,12,608
17,13,620
17,14,617
17,15,605
17,16,622
17,18,608
17,19,606
17,2,603
17,20,606
17,21,644
17,22,622
17,23,651
17,24,611
17,25,616
17,26,615
17,27,626
17,28,591
17,29,624
17,3,597
17,30,590
17,31,615
17,32,613
17,33,635
17,4,593
17,5,602
17,6,620
17,7,613
17,8,596
17,9,636
18,1,614
18,10,617
18,11,598
18,12,587
18,13,607
18,14,643
18,15,580
18,16,615
18,17,597
18,19,597
18,2,627
18,20,633
18,21,590
18,22,628
18,23,620
18,24,600
18,25,618
18,26,629
18,27,616
18,28,646
18,29,641
18,3,603
18,30,583
18,31,620
18,32,596
18,33,596
18,4,624
18,5,613
18,6,603
18,7,611
18,8,619
18,9,636
19,1,633
19,10,614
19,11,594
19,12,616
19,13,620
19,14,599
19,15,635
19,16,606
19,17,594
19,18,625
19,2,626
19,20,638
19,21,617
19,22,598
19,23,635
19,24,638
19,25,601
19,26,594
19,27,612
19,28,602
19,29,622
19,3,579
19,30,611
19,31,608
19,32,618
19,33,595
19,4,640
19,5,611
19,6,638
19,7,598
19,8,622
19,9,625
2,1,614
2,10,595
2,11,633
2,12,593
2,13,640
2,14,619
2,15,612
2,16,616
2,17,613
2,18,647
2,19,645
2,20,621
2,21,624
2,22,626
2,23,622
2,24,591
2,25,619
2,26,623
2,27,638
2,28,621
2,29,639
2,3,597
2,30,599
2,31,640
2,32,636
2,33,607
2,4,607
2,5,632
2,6,619
2,7,625
2,8,601
2,9,638
20,1,609
20,10,637
20,11,608
20,12,626
20,13,655
20,14,597
20,15,607
20,16,574
20,17,604
20,18,616
20,19,602
20,2,630
20,21,632
20,22,607
20,23,585
20,24,639
20,25,634
20,26,615
20,27,670
20,28,613
20,29,608
20,3,629
20,30,635
20,31,617
20,32,627
20,33,616
20,4,614
20,5,616
20,6,610
20,7,619
20,8,628
20,9,619
21,1,632
21,10,624
21,11,629
21,12,597
21,13,648
21,14,616
21,15,605
21,16,621
21,17,633
21,18,602
21,19,639
21,2,622
21,20,615
21,22,602
21,23,622
21,24,629
21,25,640
21,26,607
21,27,595
21,28,622
21,29,631
21,3,604
21,30,631
21,31,626
21,32,620
21,33,602
21,4,582
21,5,629
21,6,618
21,7,588
21,8,612
21,9,617
22,1,599
22,10,618
22,11,631
22,12,621
22,13,608
22,14,612
22,15,610
22,16,607
22,17,610
22,18,611
22,19,579
22,2,607
22,20,616
22,21,618
22,23,631
22,24,604
22,25,614
22,26,601
22,27,588
22,28,625
22,29,638
22,3,580
22,30,644
22,31,642
22,32,614
22,33,595
22,4,629
22,5,607
22,6,622
22,7,647
22,8,633
22,9,623
23,1,593
23,10,592
23,11,638
23,12,605
23,13,626
23,14,606
23,15,619
23,16,624
23,17,620
23,18,629
23,19,639
23,2,595
23,20,622
23,21,630
23,22,618
23,24,608
23,25,610
23,26,567
23,27,635
23,28,609
23,29,601
23,3,597
23,30,634
23,31,618
23,32,656
23,33,608
23,4,637
23,5,613
23,6,613
23,7,615
23,8,599
23,9,601
24,1,599
24,10,579
24,11,618
24,12,619
24,13,606
24,14,603
24,15,597
24,16,631
24,17,620
24,18,635
24,19,629
24,2,610
24,20,630
24,21,625
24,22,625
24,23,617
24,25,602
24,26,619
24,27,611
24,28,609
24,29,611
24,3,604
24,30,617
24,31,619
24,32,602
24,33,608
24,4,583
24,5,574
24,6,597
24,7,626
24,8,620
24,9,611
25,1,625
25,10,603
25,11,625
25,12,620
25,13,608
25,14,605
25,15,621
25,16,634
25,17,636
25,18,631
25,19,649
25,2,603
25,20,643
25,21,597
25,22,611
25,23,597
25,24,606
25,26,659
25,27,640
25,28,622
25,29,640
25,3,629
25,30,581
25,31,605
25,32,622
25,33,606
25,4,625
25,5,602
25,6,588
25,7,624
25,8,625
25,9,628
26,1,608
26,10,645
26,11,608
26,12,645
26,13,636
26,14,598
26,15,602
26,16,615
26,17,621
26,18,617
26,19,590
26,2,635
26,20,623
26,21,591
26,22,616
26,23,622
26,24,610
26,25,614
26,27,613
26,28,602
26,29,630
26,3,615
26,30,601
26,31,608
26,32,642
26,33,640
26,4,629
26,5,622
26,6,618
26,7,609
26,8,619
26,9,643
27,1,631
27,10,633
27,11,596
27,12,608
27,13,645
27,14,562
27,15,653
27,16,637
27,17,618
27,18,619
27,19,608
27,2,615
27,20,624
27,21,606
27,22,622
27,23,625
27,24,573
27,25,613
27,26,599
27,28,607
27,29,619
27,3,591
27,30,620
27,31,617
27,32,647
27,33,588
27,4,616
27,5,622
27,6,599
27,7,632
27,8,629
27,9,597
28,1,651
28,10,611
28,11,609
28,12,647
28,13,613
28,14,622
28,15,639
28,16,598
28,17,605
28,18,605
28,19,615
28,2,643
28,20,601
28,21,604
28,22,629
28,23,603
28,24,616
28,25,605
28,26,592
28,27,611
28,29,613
28,3,619
28,30,647
28,31,605
28,32,614
28,33,609
28,4,594
28,5,601
28,6,622
28,7,596
28,8,616
28,9,618
29,1,624
29,10,594
29,11,584
29,12,584
29,13,621
29,14,611
29,15,626
29,16,610
29,17,629
29,18,594
29,19,600
29,2,623
29,20,596
29,21,604
29,22,621
29,23,635
29,24,609
29,25,599
29,26,612
29,27,602
29,28,622
29,3,610
29,30,618
29,31,617
29,32,617
29,33,616
29,4,610
29,5,601
29,6,621
29,7,610
29,8,608
29,9,611
3,1,618
3,10,610
3,11,600
3,12,617
3,13,604
3,14,646
3,15,622
3,16,651
3,17,604
3,18,611
3,19,614
3,2,614
3,20,603
3,21,628
3,22,579
3,23,613
3,24,619
3,25,617
3,26,616
3,27,619
3,28,592
3,29,649
3,30,608
3,31,602
3,32,615
3,33,640
3,4,604
3,5,616
3,6,609
3,7,586
3,8,634
3,9,627
30,1,604
30,10,641
30,11,614
30,12,588
30,13,580
30,14,647
30,15,638
30,16,624
30,17,619
30,18,584
30,19,615
30,2,623
30,20,641
30,21,610
30,22,587
30,23,640
30,24,640
30,25,628
30,26,628
30,27,593
30,28,614
30,29,635
30,3,642
30,31,648
30,32,608
30,33,606
30,4,612
30,5,594
30,6,612
30,7,625
30,8,643
30,9,608
31,1,612
31,10,598
31,11,623
31,12,617
31,13,623
31,14,661
31,15,634
31,16,619
31,17,630
31,18,608
31,19,607
31,2,618
31,20,650
31,21,621
31,22,575
31,23,610
31,24,596
31,25,643
31,26,612
31,27,604
31,28,606
31,29,615
31,3,616
31,30,620
31,32,621
31,33,593
31,4,601
31,5,628
31,6,637
31,7,627
31,8,605
31,9,586
32,1,599
32,10,604
32,11,642
32,12,604
32,13,598
32,14,612
32,15,624
32,16,613
32,17,615
32,18,651
32,19,625
32,2,629
32,20,607
32,21,646
32,22,624
32,23,616
32,24,608
32,25,646
32,26,648
32,27,621
32,28,613
32,29,619
32,3,611
32,30,637
32,31,629
32,33,602
32,4,612
32,5,611
32,6,616
32,7,608
32,8,625
32,9,625
33,1,600
33,10,602
33,11,636
33,12,638
33,13,643
33,14,628
33,15,587
33,16,651
33,17,639
33,18,601
33,19,649
33,2,622
33,20,619
33,21,623
33,22,619
33,23,619
33,24,600
33,25,631
33,26,620
33,27,639
33,28,611
33,29,630
33,3,606
33,30,620
33,31,612
33,32,597
33,4,602
33,5,612
33,6,639
33,7,623
33,8,618
33,9,605
4,1,610
4,10,614
4,11,610
4,12,610
4,13,606
4,14,656
4,15,639
4,16,631
4,17,635
4,18,624
4,19,624
4,2,614
4,20,604
4,21,619
4,22,592
4,23,609
4,24,618
4,25,655
4,26,591
4,27,624
4,28,600
4,29,634
4,3,605
4,30,612
4,31,635
4,32,612
4,33,573
4,5,611
4,6,611
4,7,610
4,8,578
4,9,604
5,1,629
5,10,625
5,11,624
5,12,623
5,13,659
5,14,620
5,15,652
5,16,614
5,17,602
5,18,572
5,19,612
5,2,630
5,20,589
5,21,603
5,22,633
5,23,645
5,24,635
5,25,616
5,26,632
5,27,601
5,28,635
5,29,625
5,3,591
5,30,617
5,31,623
5,32,608
5,33,628
5,4,625
5,6,607
5,7,573
5,8,610
5,9,620
6,1,623
6,10,619
6,11,612
6,12,620
6,13,604
6,14,642
6,15,605
6,16,613
6,17,628
6,18,630
6,19,631
6,2,593
6,20,627
6,21,602
6,22,611
6,23,571
6,24,602
6,25,621
6,26,606
6,27,633
6,28,628
6,29,623
6,3,621
6,30,621
6,31,624
6,32,625
6,33,620
6,4,621
6,5,634
6,7,620
6,8,612
6,9,602
7,1,644
7,10,626
7,11,620
7,12,630
7,13,607
7,14,638
7,15,619
7,16,640
7,17,636
7,18,623
7,19,638
7,2,636
7,20,596
7,21,582
7,22,614
7,23,613
7,24,611
7,25,607
7,26,647
7,27,565
7,28,612
7,29,618
7,3,609
7,30,638
7,31,589
7,32,574
7,33,587
7,4,622
7,5,597
7,6,626
7,8,628
7,9,635
8,1,581
8,10,625
8,11,639
8,12,607
8,13,605
8,14,588
8,15,638
8,16,601
8,17,624
8,18,613
8,19,605
8,2,640
8,20,616
8,21,638
8,22,577
8,23,604
8,24,610
8,25,645
8,26,631
8,27,604
8,28,609
8,29,596
8,3,608
8,30,619
8,31,631
8,32,640
8,33,602
8,4,609
8,5,613
8,6,590
8,7,608
8,9,624
9,1,626
9,10,589
9,11,595
9,12,610
9,13,607
9,14,645
9,15,616
9,16,611
9,17,607
9,18,619
9,19,631
9,2,614
9,20,629
9,21,634
9,22,626
9,23,614
9,24,596
9,25,600
9,26,624
9,27,584
9,28,637
9,29,610
9,3,599
9,30,658
9,31,634
9,32,585
9,33,626
9,4,633
9,5,621
9,6,581
9,7,622
9,8,602
